first_name,middle_name,last_name,employee_id,other_id,driver's_license_no,license_expiry_date,gender,marital_status,nationality,date_of_birth,address_street_1,address_street_2,city,state/province,zip/postal_code,country,home_telephone,mobile,work_telephone,work_email,other_email
<<<<<<< Updated upstream
Kailyn,,Pacocha,3049103894,,,,,,,,,,,,,,,,,,
Susan,,Schiller,3049104268,,,,,,,,,,,,,,,,,,
Anne,,Legros,3049104720,,,,,,,,,,,,,,,,,,
Rocky,,Gleichner,3049104332,,,,,,,,,,,,,,,,,,
Queen,,Nienow,3049104646,,,,,,,,,,,,,,,,,,
Jodie,,Marvin,3049105100,,,,,,,,,,,,,,,,,,
Harrison,,Stokes-Ortiz,3049105616,,,,,,,,,,,,,,,,,,
Domenica,,Maggio,3049105400,,,,,,,,,,,,,,,,,,
Brannon,,Balistreri,3049105311,,,,,,,,,,,,,,,,,,
Gerda,,Cormier,3049105835,,,,,,,,,,,,,,,,,,
Dale,,Hamill,3049105087,,,,,,,,,,,,,,,,,,
Lois,,Rogahn,3049105286,,,,,,,,,,,,,,,,,,
Luis,,Runolfsson,3049105998,,,,,,,,,,,,,,,,,,
Rahsaan,,Thiel,3049105152,,,,,,,,,,,,,,,,,,
Jackeline,,Turner,3049105831,,,,,,,,,,,,,,,,,,
Robbie,,Becker,3049105472,,,,,,,,,,,,,,,,,,
Eileen,,Maggio,3049105688,,,,,,,,,,,,,,,,,,
Jeanette,,McLaughlin,3049105395,,,,,,,,,,,,,,,,,,
Armani,,Stehr,3049105598,,,,,,,,,,,,,,,,,,
Newton,,Fahey,3049105429,,,,,,,,,,,,,,,,,,
Jordon,,Rippin,3049105940,,,,,,,,,,,,,,,,,,
Titus,,Kuhn,3049105828,,,,,,,,,,,,,,,,,,
Junior,,Kovacek,3049105395,,,,,,,,,,,,,,,,,,
Lee,,Mayert,3049105270,,,,,,,,,,,,,,,,,,
Dagmar,,Stamm,3049105376,,,,,,,,,,,,,,,,,,
Minerva,,Johnston,3049105288,,,,,,,,,,,,,,,,,,
Omer,,Blanda,3049105377,,,,,,,,,,,,,,,,,,
Alaina,,Kerluke,3049105616,,,,,,,,,,,,,,,,,,
Arden,,Feeney,3049105883,,,,,,,,,,,,,,,,,,
Jensen,,Hahn,3049105284,,,,,,,,,,,,,,,,,,
Winfield,,Shanahan,3049105991,,,,,,,,,,,,,,,,,,
Roger,,Schowalter,3049105428,,,,,,,,,,,,,,,,,,
Whitney,,Gerlach,3049105788,,,,,,,,,,,,,,,,,,
Mariela,,Champlin,3049105826,,,,,,,,,,,,,,,,,,
Gus,,Little-McClure,3049105549,,,,,,,,,,,,,,,,,,
Ryleigh,,MacGyver,3049105806,,,,,,,,,,,,,,,,,,
Dale,,Durgan,3049105695,,,,,,,,,,,,,,,,,,
Bertha,,Hermiston,3049105009,,,,,,,,,,,,,,,,,,
Erick,,Willms,3049105036,,,,,,,,,,,,,,,,,,
Cathrine,,Wiegand,3049105813,,,,,,,,,,,,,,,,,,
Hayden,,Crist,3049105558,,,,,,,,,,,,,,,,,,
Royce,,Breitenberg,3049106615,,,,,,,,,,,,,,,,,,
Mckenna,,Towne,3049106089,,,,,,,,,,,,,,,,,,
Guido,,Mante,3049106811,,,,,,,,,,,,,,,,,,
Sharon,,Kemmer,3049106756,,,,,,,,,,,,,,,,,,
Nasir,,Thiel-Runte,3049106382,,,,,,,,,,,,,,,,,,
Kieran,,Wolf,3049106398,,,,,,,,,,,,,,,,,,
Loyce,,VonRueden,3049106003,,,,,,,,,,,,,,,,,,
Jeramie,,Baumbach,3049106904,,,,,,,,,,,,,,,,,,
Lacey,,Block,3049106545,,,,,,,,,,,,,,,,,,
=======
Elinor,,Trantow,3816600532,,,,,,,,,,,,,,,,,,
Timmothy,,Altenwerth,3816600874,,,,,,,,,,,,,,,,,,
Shyann,,Lehner,3816600198,,,,,,,,,,,,,,,,,,
Kolby,,Reichel,3816600684,,,,,,,,,,,,,,,,,,
Wilhelm,,Herman,3816600897,,,,,,,,,,,,,,,,,,
Austin,,Parisian,3816600183,,,,,,,,,,,,,,,,,,
Camille,,Hand,3816600477,,,,,,,,,,,,,,,,,,
Cathryn,,Goodwin,3816600427,,,,,,,,,,,,,,,,,,
Cleora,,Dicki,3816600187,,,,,,,,,,,,,,,,,,
Juliet,,Purdy,3816600044,,,,,,,,,,,,,,,,,,
Kade,,Mann,3816600057,,,,,,,,,,,,,,,,,,
Lyric,,Cartwright,3816600641,,,,,,,,,,,,,,,,,,
Jacky,,Hyatt,3816600952,,,,,,,,,,,,,,,,,,
Myrtle,,Daugherty,3816600719,,,,,,,,,,,,,,,,,,
Virginie,,Hickle,3816600912,,,,,,,,,,,,,,,,,,
August,,Wisozk,3816600086,,,,,,,,,,,,,,,,,,
Baby,,Moen,3816600817,,,,,,,,,,,,,,,,,,
Eva,,Nienow,3816600419,,,,,,,,,,,,,,,,,,
Felix,,Jacobson,3816600122,,,,,,,,,,,,,,,,,,
Ariel,,Spencer,3816600352,,,,,,,,,,,,,,,,,,
Tony,,Bailey,3816600388,,,,,,,,,,,,,,,,,,
Lon,,Beier,3816600936,,,,,,,,,,,,,,,,,,
Patsy,,Bashirian,3816600570,,,,,,,,,,,,,,,,,,
Celia,,Johnson,3816600390,,,,,,,,,,,,,,,,,,
Jamie,,McClure,3816600983,,,,,,,,,,,,,,,,,,
Guido,,Marquardt,3816600127,,,,,,,,,,,,,,,,,,
Gerald,,Kreiger,3816600772,,,,,,,,,,,,,,,,,,
Brandyn,,Herzog-Johnston,3816600004,,,,,,,,,,,,,,,,,,
Jaron,,Hansen,3816600236,,,,,,,,,,,,,,,,,,
Wanda,,Gottlieb,3816600473,,,,,,,,,,,,,,,,,,
Marlee,,Turcotte,3816600442,,,,,,,,,,,,,,,,,,
Asha,,Schinner,3816600590,,,,,,,,,,,,,,,,,,
Christy,,Rolfson,3816600956,,,,,,,,,,,,,,,,,,
Damian,,Reinger,3816600905,,,,,,,,,,,,,,,,,,
Clara,,Murray,3816600474,,,,,,,,,,,,,,,,,,
Lori,,Ratke,3816600798,,,,,,,,,,,,,,,,,,
Alessandra,,Bartell,3816600270,,,,,,,,,,,,,,,,,,
Newell,,Roberts,3816600924,,,,,,,,,,,,,,,,,,
Simeon,,Franey,3816600182,,,,,,,,,,,,,,,,,,
Irma,,Pouros,3816600819,,,,,,,,,,,,,,,,,,
Gregg,,Hermiston,3816600033,,,,,,,,,,,,,,,,,,
Javonte,,Legros,3816600776,,,,,,,,,,,,,,,,,,
Duane,,Erdman,3816600560,,,,,,,,,,,,,,,,,,
Marilou,,Mosciski,3816600672,,,,,,,,,,,,,,,,,,
Reba,,Daugherty,3816600188,,,,,,,,,,,,,,,,,,
Joel,,Lowe,3816600000,,,,,,,,,,,,,,,,,,
Ernest,,Gorczany,3816600027,,,,,,,,,,,,,,,,,,
Luna,,Macejkovic,3816600624,,,,,,,,,,,,,,,,,,
Hassan,,Olson,3816600900,,,,,,,,,,,,,,,,,,
Giovanni,,Auer,3816600532,,,,,,,,,,,,,,,,,,
>>>>>>> Stashed changes
